{
    "H. ROYO VILLANOVA":  [
                              41.6343811,
                              -0.8802067
                          ],
    "H.  VIRGEN DEL PUERTO":  [
                                  40.0401336,
                                  -6.0823422
                              ],
    "H. DE LA VEGA BAJA":  [
                               37.9005304,
                               -0.7575592
                           ],
    "H. COSTA DEL SOL":  [
                             36.4996515,
                             -4.8029818
                         ],
    "H. MARINA BAIXA":  [
                            38.5260409,
                            -0.1680182
                        ],
    "H. CAN MISSES":  [
                          38.9142347,
                          1.4190322
                      ],
    "H. EL BIERZO":  [
                         42.545354,
                         -6.5918074
                     ],
    "H. DE SAGUNTO":  [
                          39.6718435,
                          -0.2486764
                      ],
    "HOSPITAL GENERAL DE TOMELLOSO":  [
                                          39.174441,
                                          -3.0078855
                                      ],
    "H. LLUIS ALCANYIS":  [
                              38.9846016,
                              -0.5325648
                          ],
    "H. DE JEREZ DE LA FRONTERA":  [
                                       36.7877112,
                                       -6.1707607
                                   ],
    "COMPLEJO ASISTENCIAL DE SEGOVIA":  [
                                            40.9435606,
                                            -4.1303739
                                        ],
    "H. SAGRAT COR":  [
                          41.2261753,
                          1.727582
                      ],
    "H. DE MANISES":  [
                          39.4895743,
                          -0.4598953
                      ],
    "C.H.  UNIVERSITARIO DE CÁCERES":  [
                                            39.4818687,
                                            -6.3549616
                                        ],
    "H. SIERRALLANA":  [
                           43.3616648,
                           -4.0770218
                       ],
    "H. DE LA PLANA":  [
                           39.9160123,
                           -0.1451025
                       ],
    "H. DE FIGUERES":  [
                           42.2569439,
                           2.9633625
                       ],
    "HM HOSPITALES":  [
                          40.4904923,
                          -3.6668912
                      ],
    "HOSPITAL UNIVERSITARIO MANCHA CENTRO":  [
                                                 39.3965364,
                                                 -3.2190994
                                             ]
}
